ID,Tên SP,Giá,Kho,Lượt Xem,Đã Bán,Chỉnh Sửa,Ảnh,Link Sản Phẩm
2299942870,Chì bấm hình chuột Micky - CHOSCH - Mã CS-8309,5000,30,16,0,https://banhang.shopee.vn/portal/product/2299942870,https://cf.shopee.vn/file/69211d591ba3009986f5e79e804759a8,https://shopee.vn/product/114297327/2299942870
2299942880,Chì khúc thay ngòi kẹo- nơ - Mã LT1317,4000,40,6,0,https://banhang.shopee.vn/portal/product/2299942880,https://cf.shopee.vn/file/504a7d3793d21a80201f33cb93e8b301,https://shopee.vn/product/114297327/2299942880
2344686521,Bút nước đen cừu mặt trăng,5000,50,1,0,https://banhang.shopee.vn/portal/product/2344686521,https://cf.shopee.vn/file/6bd876e7e4a2e8df8430f19334f2059e,https://shopee.vn/product/114297327/2344686521
2344582027,Bút lông kim TTORU,6000,12,5,0,https://banhang.shopee.vn/portal/product/2344582027,https://cf.shopee.vn/file/a1db1975c5d14a58d713f6b1cc6eec6e,https://shopee.vn/product/114297327/2344582027
1988665030,Bút xóa kéo mini,4000,100,26,0,https://banhang.shopee.vn/portal/product/1988665030,https://cf.shopee.vn/file/83bf0ef278c1970880d75e437e887ae8,https://shopee.vn/product/114297327/1988665030
2195124570,Bút nước đen hươu,5000,0,0,0,https://banhang.shopee.vn/portal/product/2195124570,https://cf.shopee.vn/file/f34576015ffdfcd4e50cd8ca2bd6f095,https://shopee.vn/product/114297327/2195124570
2299869232,Bút nước đen hình cú mèo (mẫu mới),5000,50,1,0,https://banhang.shopee.vn/portal/product/2299869232,https://cf.shopee.vn/file/086a8acef3c4dc938dd742008d7a6bb8,https://shopee.vn/product/114297327/2299869232
2299869236,Bộ dụng cụ học tập không có kéo,9000,99,26,0,https://banhang.shopee.vn/portal/product/2299869236,https://cf.shopee.vn/file/975b4c4f2f0db18ea0ee434841f024cd,https://shopee.vn/product/114297327/2299869236
2182868314,Chuốt bút chì hình chuột đứng,5000,100,1,0,https://banhang.shopee.vn/portal/product/2182868314,https://cf.shopee.vn/file/c31cf69e0a55a72757ccc4ba798124b8,https://shopee.vn/product/114297327/2182868314
2171892841,Chuốt chì đồng hồ,5000,0,6,0,https://banhang.shopee.vn/portal/product/2171892841,https://cf.shopee.vn/file/122c94fdda07b755b481f012a04d522c,https://shopee.vn/product/114297327/2171892841
1988631629,Dấu in hoạt hình dễ thương,5000,7,38,3,https://banhang.shopee.vn/portal/product/1988631629,https://cf.shopee.vn/file/f24c34fbf3c4077f1747c167c6e68280,https://shopee.vn/product/114297327/1988631629
2306676534,Bóp viết nhựa trong in hình - Nhiều Mẫu,20000,21,49,0,https://banhang.shopee.vn/portal/product/2306676534,https://cf.shopee.vn/file/0e955837403a8dae9d325df3d587b520,https://shopee.vn/product/114297327/2306676534
2226262639,Bóp bút xinh,16000,160,3,0,https://banhang.shopee.vn/portal/product/2226262639,https://cf.shopee.vn/file/cb53a2b7880a605838e275cd8b5bf207,https://shopee.vn/product/114297327/2226262639
2301511728,Chuốt bút chì hình chuột đuôi,4000,48,6,0,https://banhang.shopee.vn/portal/product/2301511728,https://cf.shopee.vn/file/1d85b776c6dba7e0067a98fe92d2c74a,https://shopee.vn/product/114297327/2301511728
2317193693,Sổ kim tuyến 3D,10000,40,22,10,https://banhang.shopee.vn/portal/product/2317193693,https://cf.shopee.vn/file/1ff3b2b1a9c7a60117fd585e828072bf,https://shopee.vn/product/114297327/2317193693
2172678077,Bút nước mắt kiếng,5000,7,18,0,https://banhang.shopee.vn/portal/product/2172678077,https://cf.shopee.vn/file/a20524d43e6efa7562d78d44e728b7b2,https://shopee.vn/product/114297327/2172678077
2203271600,Chì 2B Deli,4000,99,11,0,https://banhang.shopee.vn/portal/product/2203271600,https://cf.shopee.vn/file/b2de94c812e28f91c80e06e9ac2aef0f,https://shopee.vn/product/114297327/2203271600
2299923568,Gôm hình Robot - Mã 6135,3000,36,0,0,https://banhang.shopee.vn/portal/product/2299923568,https://cf.shopee.vn/file/e122d7538bfd6cffe2a090596f2aad58,https://shopee.vn/product/114297327/2299923568
2253745734,Bút nước khủng long nhiều mẫu,5000,0,0,0,https://banhang.shopee.vn/portal/product/2253745734,https://cf.shopee.vn/file/493ef76e788d8d8fd02b2c72e1ca682d,https://shopee.vn/product/114297327/2253745734
2171936270,Chuốt bút chì hình mèo ngồi xô - Mã 360,5000,75,9,0,https://banhang.shopee.vn/portal/product/2171936270,https://cf.shopee.vn/file/1ff5ef0f2eb414b7355a209b60747536,https://shopee.vn/product/114297327/2171936270
2344686527,Bút nước đen kem ốc quế ( mẫu 2),5000,49,0,0,https://banhang.shopee.vn/portal/product/2344686527,https://cf.shopee.vn/file/eb2ccfd66380ee7eb3d44e4468ebd232,https://shopee.vn/product/114297327/2344686527
2330491779,Combo 100 bóp bút,1300.000,1,6,0,https://banhang.shopee.vn/portal/product/2330491779,https://cf.shopee.vn/file/6cdcec8de2d96e4b77661c3c996440a8,https://shopee.vn/product/114297327/2330491779
2068979053,Chuông lắc cầm tay,35000,5,18,0,https://banhang.shopee.vn/portal/product/2068979053,https://cf.shopee.vn/file/8527cdc265560ea352d93adbed1f6cff,https://shopee.vn/product/114297327/2068979053
2299869226,Bút dạ quang yamayo - Vỉ 4 cây,19000,100,16,1,https://banhang.shopee.vn/portal/product/2299869226,https://cf.shopee.vn/file/b35db8f79c7253c75d63d9a1a523cf5b,https://shopee.vn/product/114297327/2299869226
2283516276,Bóp bút BTS,20000,2,65,0,https://banhang.shopee.vn/portal/product/2283516276,https://cf.shopee.vn/file/4f33bdb42634c5ca21df9046be954487,https://shopee.vn/product/114297327/2283516276
2195155670,Bút nước xanh hình thìa,5000,0,0,0,https://banhang.shopee.vn/portal/product/2195155670,https://cf.shopee.vn/file/bb0c9ffdb01ecac0a5c442af9dc27803,https://shopee.vn/product/114297327/2195155670
2317197885,Giấy bao tập + nhãn + giấy kiếng ( 1 xấp - 10 tờ),20000,15,89,0,https://banhang.shopee.vn/portal/product/2317197885,https://cf.shopee.vn/file/3b27b7b52a34b2a93c5df58c6124445d,https://shopee.vn/product/114297327/2317197885
2322168595,Combo hộp bút,179000,0,0,1,https://banhang.shopee.vn/portal/product/2322168595,https://cf.shopee.vn/file/a41aa4a1faef9afb9b6dfaba367b2894,https://shopee.vn/product/114297327/2322168595
2161603155,Sổ mini - Nhiều hình,4000,60,10,0,https://banhang.shopee.vn/portal/product/2161603155,https://cf.shopee.vn/file/4e59f4973959fbb14f8ecdf9b3ed8792,https://shopee.vn/product/114297327/2161603155
2299869225,Bút nước xanh hình cây thương - Mã 666,5000,24,7,0,https://banhang.shopee.vn/portal/product/2299869225,https://cf.shopee.vn/file/f046f1b9a528fe312708613b6c40aef9,https://shopee.vn/product/114297327/2299869225
2344581991,Bút nước xanh búp bê cầu mưa,5000,2,0,0,https://banhang.shopee.vn/portal/product/2344581991,https://cf.shopee.vn/file/a4d5bf797d51bdeb980e243cdd84e82e,https://shopee.vn/product/114297327/2344581991
2161872302,Thước kẻ thẳng + 2 eke,7000,19,7,0,https://banhang.shopee.vn/portal/product/2161872302,https://cf.shopee.vn/file/12ad7f787aec0bfce5332d7c83e97512,https://shopee.vn/product/114297327/2161872302
2188458971,Bút xóa kéo hình trái tim,17000,95,43,5,https://banhang.shopee.vn/portal/product/2188458971,https://cf.shopee.vn/file/f55f81d2171ab2268cb38109dd8861f4,https://shopee.vn/product/114297327/2188458971
2344686548,Bút nước đen gấu nón ( mẫu 2),5000,50,0,0,https://banhang.shopee.vn/portal/product/2344686548,https://cf.shopee.vn/file/90db12bff2ef88bf81a9f5b7924a4e4d,https://shopee.vn/product/114297327/2344686548
2153093233,Bút nước - sương rồng nhỏ,5000,0,8,0,https://banhang.shopee.vn/portal/product/2153093233,https://cf.shopee.vn/file/b3833ceb5e5e41efb8764ccf6899bff6,https://shopee.vn/product/114297327/2153093233
2154760599,Bút nhũ 6 màu trong 1,5000,16,34,0,https://banhang.shopee.vn/portal/product/2154760599,https://cf.shopee.vn/file/1c898258a3a8133e42cfa300b0d9437a,https://shopee.vn/product/114297327/2154760599
2344686522,Bút nước đen huy hiệu siêu nhân,5000,50,0,0,https://banhang.shopee.vn/portal/product/2344686522,https://cf.shopee.vn/file/a48fc8b9089f5b6a6c28fb39b5126a53,https://shopee.vn/product/114297327/2344686522
2268774016,Bóp viết có nước đẹp tuyệt vời,32000,10,118,0,https://banhang.shopee.vn/portal/product/2268774016,https://cf.shopee.vn/file/e280ece1a53d55c24fd62d8280c87206,https://shopee.vn/product/114297327/2268774016
2175175953,Bóp viết ngựa Unicorn,23000,0,0,0,https://banhang.shopee.vn/portal/product/2175175953,https://cf.shopee.vn/file/02a35225ae8671b8789bd402845db84f,https://shopee.vn/product/114297327/2175175953
2182873584,Chuốt bút chì hình cá voi - Mã 363,5000,47,7,1,https://banhang.shopee.vn/portal/product/2182873584,https://cf.shopee.vn/file/d8f6ea6be07053cc4b8cccd31c7c4d1b,https://shopee.vn/product/114297327/2182873584
2201970081,Móc khoá UNICORN,20000,0,16,0,https://banhang.shopee.vn/portal/product/2201970081,https://cf.shopee.vn/file/da83d7ea5c0804f69582cb7182828a34,https://shopee.vn/product/114297327/2201970081
2179124091,Giấy note mini thú xinh,2500,19,59,0,https://banhang.shopee.vn/portal/product/2179124091,https://cf.shopee.vn/file/392daa48962a942af9ef2669f8aa36b1,https://shopee.vn/product/114297327/2179124091
2195174254,Bút dạ quang sao 5 cánh,13000,44,93,10,https://banhang.shopee.vn/portal/product/2195174254,https://cf.shopee.vn/file/3fcc6fd9fb0d37f585e65d50509325a8,https://shopee.vn/product/114297327/2195174254
2317161930,Hộp viết nhựa Mickey- Kitty_Mã 7093,18000,6,5,0,https://banhang.shopee.vn/portal/product/2317161930,https://cf.shopee.vn/file/8dca9b647d990eb083467af7435c1d28,https://shopee.vn/product/114297327/2317161930
2317164799,Hộp viết nhựa Công chúa _ Mã 7093,18000,17,22,0,https://banhang.shopee.vn/portal/product/2317164799,https://cf.shopee.vn/file/6819a70c19ae37c03a6e0070a7e4b6d4,https://shopee.vn/product/114297327/2317164799
2299897285,Thước kẻ lược 18cm - Mã 181873,3000,80,12,0,https://banhang.shopee.vn/portal/product/2299897285,https://cf.shopee.vn/file/bd0eb1eea817113bc2d027fa7a671d11,https://shopee.vn/product/114297327/2299897285
2317151397,Bóp viết My friend love - Mã 331-19,22000,60,8,0,https://banhang.shopee.vn/portal/product/2317151397,https://cf.shopee.vn/file/cda849ee91610af3d654ec91588e92c1,https://shopee.vn/product/114297327/2317151397
2051126455,Sticker 6 tấm,15000,19,31,11,https://banhang.shopee.vn/portal/product/2051126455,https://cf.shopee.vn/file/1fc4b9a46a858e3e2742b73058c59f53,https://shopee.vn/product/114297327/2051126455
2161914391,Thước kẻ hình con vật 15cm,3000,6,14,0,https://banhang.shopee.vn/portal/product/2161914391,https://cf.shopee.vn/file/0a85448e45f2515adb6e196f1af6bda6,https://shopee.vn/product/114297327/2161914391
2171991673,Chì bấm họa tiết hoa,5000,20,19,0,https://banhang.shopee.vn/portal/product/2171991673,https://cf.shopee.vn/file/7aebb2b8042396f25ba7d82285387710,https://shopee.vn/product/114297327/2171991673
2344686543,Bút nước đen minion dẹp ( mẫu 1),5000,50,1,0,https://banhang.shopee.vn/portal/product/2344686543,https://cf.shopee.vn/file/740f930e7d0131b79763e1e5549fabb8,https://shopee.vn/product/114297327/2344686543
2344686517,Bút nước đen xương rồng,5000,28,1,0,https://banhang.shopee.vn/portal/product/2344686517,https://cf.shopee.vn/file/552b041831444164e02f5a73bde6ee59,https://shopee.vn/product/114297327/2344686517
2194990943,Combo bút chì - thước- chuốt,540000,0,23,1,https://banhang.shopee.vn/portal/product/2194990943,https://cf.shopee.vn/file/79708016696712a2bce59162ece44e75,https://shopee.vn/product/114297327/2194990943
2161603160,Sổ mini nằm ngang,6000,10,30,0,https://banhang.shopee.vn/portal/product/2161603160,https://cf.shopee.vn/file/1b5f5f26b3106e2e47e34c6799a233de,https://shopee.vn/product/114297327/2161603160
2344686547,Bút nước đen cú mèo (mẫu 3),5000,50,0,0,https://banhang.shopee.vn/portal/product/2344686547,https://cf.shopee.vn/file/132fd30425df1d7a1b63b74969d5278b,https://shopee.vn/product/114297327/2344686547
2344686523,Bút nước đen cú mèo (mẫu 2),5000,50,0,0,https://banhang.shopee.vn/portal/product/2344686523,https://cf.shopee.vn/file/3f87e804ddb97e5a4b0a845839c715f0,https://shopee.vn/product/114297327/2344686523
2344686550,Bút nước đen minion tròn ( mẫu 2),5000,50,1,0,https://banhang.shopee.vn/portal/product/2344686550,https://cf.shopee.vn/file/08e8332f1aea04fd49b034acc02e391b,https://shopee.vn/product/114297327/2344686550
2195174255,Bút dạ quang hoa 5 cánh,13000,49,46,1,https://banhang.shopee.vn/portal/product/2195174255,https://cf.shopee.vn/file/e0a5b52fe8c78e0130bf7e75c399bcea,https://shopee.vn/product/114297327/2195174255
2195124537,Bút nước đen kì lân - Mẫu 3,5000,0,0,0,https://banhang.shopee.vn/portal/product/2195124537,https://cf.shopee.vn/file/9b77da2fe41fc9ed976f4792b9867e34,https://shopee.vn/product/114297327/2195124537
2299923564,Gôm hình mô tô nhỏ - Mã 5165,3000,35,7,0,https://banhang.shopee.vn/portal/product/2299923564,https://cf.shopee.vn/file/6b21d7786420e7a2f876c2e767be43ba,https://shopee.vn/product/114297327/2299923564
2171911513,Chuốt bút chì hình cây kẹo - Mã 8020,5000,44,19,0,https://banhang.shopee.vn/portal/product/2171911513,https://cf.shopee.vn/file/4a8cd1feaec8af1a8c6b79f4f69551a9,https://shopee.vn/product/114297327/2171911513
2195155674,Bút nước xanh hình trứng,5000,0,0,0,https://banhang.shopee.vn/portal/product/2195155674,https://cf.shopee.vn/file/50bd6290de56481ab9ae9029b58a0cd5,https://shopee.vn/product/114297327/2195155674
2299897282,Thước kẻ xếp hình Doremon 20cm,5000,7,17,2,https://banhang.shopee.vn/portal/product/2299897282,https://cf.shopee.vn/file/94242836a74dca8c932bfd0ecc0d9d3d,https://shopee.vn/product/114297327/2299897282
1988715667,Bút lông kim BeeBee,6000,40,9,0,https://banhang.shopee.vn/portal/product/1988715667,https://cf.shopee.vn/file/7e69820f2dc6917078b21b9f1d78e414,https://shopee.vn/product/114297327/1988715667
2317481729,Gôm Gôm Staedtler đen - trắng No 52635,5000,20,16,0,https://banhang.shopee.vn/portal/product/2317481729,https://cf.shopee.vn/file/41a84e42f774859a2863b18a44e8d89a,https://shopee.vn/product/114297327/2317481729
2253859828,Bút gà con,5000,9,11,0,https://banhang.shopee.vn/portal/product/2253859828,https://cf.shopee.vn/file/68842cefa702b410ddea6c96d515a860,https://shopee.vn/product/114297327/2253859828
1988687688,Hồ (keo) khô cực xinh,10000,0,42,6,https://banhang.shopee.vn/portal/product/1988687688,https://cf.shopee.vn/file/36a8a7001f5bb6323f8c060f1f207732,https://shopee.vn/product/114297327/1988687688
2283586321,Bóp viết hình oval mắt kiếng  - Mã BD - 177 - 20 (4 màu),27000,30,48,0,https://banhang.shopee.vn/portal/product/2283586321,https://cf.shopee.vn/file/31c3f822e8f11010624eb1ede16fbcda,https://shopee.vn/product/114297327/2283586321
2299869222,Bút nước xanh hình monster,5000,10,0,0,https://banhang.shopee.vn/portal/product/2299869222,https://cf.shopee.vn/file/5ca89c59300f63b46634f5c5e59f58d1,https://shopee.vn/product/114297327/2299869222
2299869219,Bút nước đen hình mèo tim,5000,50,4,0,https://banhang.shopee.vn/portal/product/2299869219,https://cf.shopee.vn/file/f2e805cd762eeb8c97d7f32c4a057cb0,https://shopee.vn/product/114297327/2299869219
2299942875,Bút chì gỗ 2B - DELI Neon,3500,24,4,0,https://banhang.shopee.vn/portal/product/2299942875,https://cf.shopee.vn/file/9db300076d5034a0e4345a4f290e3c6d,https://shopee.vn/product/114297327/2299942875
2268778965,Bóp bút cực độc - đẹp - lạ,40000,10,618,10,https://banhang.shopee.vn/portal/product/2268778965,https://cf.shopee.vn/file/0ad5de4c284b3b44b4b8ca0cf7109fba,https://shopee.vn/product/114297327/2268778965
2306630393,Bút dạ quang siêu rẻ,7000,10,6,0,https://banhang.shopee.vn/portal/product/2306630393,https://cf.shopee.vn/file/315db26909f7ceec3d965180b23cfa89,https://shopee.vn/product/114297327/2306630393
2172022469,Chì bấm hình thỏ - Mã 528,5000,48,6,0,https://banhang.shopee.vn/portal/product/2172022469,https://cf.shopee.vn/file/bcd5012fd8e51c9d0e06dfc12acd6f7e,https://shopee.vn/product/114297327/2172022469
2202772795,Chì bấm thỏ Molag - MP 519,5000,27,15,0,https://banhang.shopee.vn/portal/product/2202772795,https://cf.shopee.vn/file/b7775a04b8fadeaff66e6051a52f1bca,https://shopee.vn/product/114297327/2202772795
2195124573,Bút nước đen cú mèo,5000,0,0,0,https://banhang.shopee.vn/portal/product/2195124573,https://cf.shopee.vn/file/b6b2069724fd2a9292d7cd30ae8f4497,https://shopee.vn/product/114297327/2195124573
2218587060,Hộp bút Xe BUS,32000,85,121,4,https://banhang.shopee.vn/portal/product/2218587060,https://cf.shopee.vn/file/e3d1194b4d6713edc74b76989ff7daf3,https://shopee.vn/product/114297327/2218587060
2174901656,Bóp viết xe buýt,27000,14,128,8,https://banhang.shopee.vn/portal/product/2174901656,https://cf.shopee.vn/file/110fc527d26ad72d1774ce9372e482c6,https://shopee.vn/product/114297327/2174901656
2317164796,Hộp viết nhựa Siêu nhân _ Mã 7093,18000,14,11,0,https://banhang.shopee.vn/portal/product/2317164796,https://cf.shopee.vn/file/a86208d6bb2ebcb09eafc18a3608b82b,https://shopee.vn/product/114297327/2317164796
2344581997,Bút nước xanh cây hoa,5000,8,0,0,https://banhang.shopee.vn/portal/product/2344581997,https://cf.shopee.vn/file/99a1cc6d8af8a9343008b0a7386a014c,https://shopee.vn/product/114297327/2344581997
2344582007,Nam châm vỉ mặt cười 3008,15000,1,0,0,https://banhang.shopee.vn/portal/product/2344582007,https://cf.shopee.vn/file/590eeb689f056f447b8757b894dd9edd,https://shopee.vn/product/114297327/2344582007
2172119749,Thước kẻ BTS,8000,3,25,5,https://banhang.shopee.vn/portal/product/2172119749,https://cf.shopee.vn/file/97842058190493eebb0f349ad3b66697,https://shopee.vn/product/114297327/2172119749
2299869230,Bút nước đen hình máy ảnh,5000,49,3,1,https://banhang.shopee.vn/portal/product/2299869230,https://cf.shopee.vn/file/3564167f386ff7196af21dcaee468360,https://shopee.vn/product/114297327/2299869230
2239699713,Hộp bút tặng kèm đồ chơi mê cung,20000,0,26,0,https://banhang.shopee.vn/portal/product/2239699713,https://cf.shopee.vn/file/5bb124209b566b0ad6a6ca3d5d3c1d7e,https://shopee.vn/product/114297327/2239699713
2154760754,Bút nước xanh Vợt - Mã 055,5000,24,3,0,https://banhang.shopee.vn/portal/product/2154760754,https://cf.shopee.vn/file/2dad97c0fdf89bf09a66ae8d278b4594,https://shopee.vn/product/114297327/2154760754
2306630401,Bóp viết nhựa mèo,20000,2,12,0,https://banhang.shopee.vn/portal/product/2306630401,https://cf.shopee.vn/file/db16ccfba0e997b644d87b741856c2c7,https://shopee.vn/product/114297327/2306630401
2268776852,Bóp viết Hologram  cực đẹp,34000,20,144,0,https://banhang.shopee.vn/portal/product/2268776852,https://cf.shopee.vn/file/71270c7a47f2241d0403ff4a53e495c9,https://shopee.vn/product/114297327/2268776852
2344686534,Bút nước đen cừu thân dẹp (mẫu 1),5000,50,0,0,https://banhang.shopee.vn/portal/product/2344686534,https://cf.shopee.vn/file/0942030beb11e7657af2623cce5e39e6,https://shopee.vn/product/114297327/2344686534
1988659878,Bút xóa kéo vỉ 2 cái,18000,100,17,0,https://banhang.shopee.vn/portal/product/1988659878,https://cf.shopee.vn/file/036e4f46fd9d5b14a8218d047739263e,https://shopee.vn/product/114297327/1988659878
2203193382,Lego hộp mini,10000,3,25,0,https://banhang.shopee.vn/portal/product/2203193382,https://cf.shopee.vn/file/400d4bc758ffb46c1d2df32dca36b492,https://shopee.vn/product/114297327/2203193382
2317475149,Viết gel xóa được Doreamon HY (xanh)  No 998,4000,12,10,0,https://banhang.shopee.vn/portal/product/2317475149,https://cf.shopee.vn/file/18b7510ac674b552c6e0ba32cc4de063,https://shopee.vn/product/114297327/2317475149
2239717653,Bóp viết vải bố hình thú,35000,3,24,0,https://banhang.shopee.vn/portal/product/2239717653,https://cf.shopee.vn/file/378b5c600574cfbcfa7c7d32c9c96cd7,https://shopee.vn/product/114297327/2239717653
2317192673,Bóp viết Simili - Mã 9511B,16000,50,5,0,https://banhang.shopee.vn/portal/product/2317192673,https://cf.shopee.vn/file/9229b8995a2a096b2621d8dfb423b949,https://shopee.vn/product/114297327/2317192673
2317481728,Bút nước nhiều màu GEL Chosch CS-821 (8 màu/hộp),30000,4,37,4,https://banhang.shopee.vn/portal/product/2317481728,https://cf.shopee.vn/file/7e1bd1cd89fddedd96eb1ef1610809a8,https://shopee.vn/product/114297327/2317481728
2317481742,Thước kẻ Ngựa Pony (mẫu 1) No : 9720,3000,9,20,0,https://banhang.shopee.vn/portal/product/2317481742,https://cf.shopee.vn/file/825b89f7c9a20e53bdc828f3d47a2c18,https://shopee.vn/product/114297327/2317481742
2344686537,Bút nước đen ong,5000,50,0,0,https://banhang.shopee.vn/portal/product/2344686537,https://cf.shopee.vn/file/379a5fa0e5ebec1d39898e0b097f272e,https://shopee.vn/product/114297327/2344686537
2182855423,Bóp bút dễ thương,31000,2,29,0,https://banhang.shopee.vn/portal/product/2182855423,https://cf.shopee.vn/file/91078381b75b07e1ce3194437ed52731,https://shopee.vn/product/114297327/2182855423
2344581993,Bút nước xanh mầm cây,5000,9,1,0,https://banhang.shopee.vn/portal/product/2344581993,https://cf.shopee.vn/file/ef6181a3307da6525dd0cb8736e65fbe,https://shopee.vn/product/114297327/2344581993
2195155677,Bút nước xanh hình kem,4000,0,1,0,https://banhang.shopee.vn/portal/product/2195155677,https://cf.shopee.vn/file/5b75e4c829ae97c03cb56f808c080e28,https://shopee.vn/product/114297327/2195155677
2202155684,Stickers đáng iu,10000,10,20,0,https://banhang.shopee.vn/portal/product/2202155684,https://cf.shopee.vn/file/49371a9beb580963c38c7adf9d7296f5,https://shopee.vn/product/114297327/2202155684
2317474314,Viết gel xóa được - Mẫu 8770 - Màu xanh,5000,12,8,0,https://banhang.shopee.vn/portal/product/2317474314,https://cf.shopee.vn/file/5b509320100fad1564b027bfaf7104b9,https://shopee.vn/product/114297327/2317474314
2306676533,Bóp viết da PU dâu,20000,2,48,1,https://banhang.shopee.vn/portal/product/2306676533,https://cf.shopee.vn/file/d2ca65c12d264907bd526cf9a1b63745,https://shopee.vn/product/114297327/2306676533
2344686558,Bút nước đen sóc,5000,50,0,0,https://banhang.shopee.vn/portal/product/2344686558,https://cf.shopee.vn/file/cc11a600fddfec9c94c9cbe8eb91c8b9,https://shopee.vn/product/114297327/2344686558
2310751708,Chuốt bút chì hình quả lê- Mã-3055,4000,48,11,0,https://banhang.shopee.vn/portal/product/2310751708,https://cf.shopee.vn/file/ef99c20971283dfa8bd83dbc9486c714,https://shopee.vn/product/114297327/2310751708
2188488475,Bút xóa kéo hình khúc xương,13000,100,21,0,https://banhang.shopee.vn/portal/product/2188488475,https://cf.shopee.vn/file/3c1d01ff52fe247426eaceb571b77070,https://shopee.vn/product/114297327/2188488475
2299869218,Bút nước đen hình kỳ lân mụp siêu cute - Mẫu 1,5000,50,13,0,https://banhang.shopee.vn/portal/product/2299869218,https://cf.shopee.vn/file/8d18c8f847d97c5f0e7d460c791d504c,https://shopee.vn/product/114297327/2299869218
2171981737,Chì bấm ngựa Ponny,5000,0,4,0,https://banhang.shopee.vn/portal/product/2171981737,https://cf.shopee.vn/file/e54782dea170c9ba762cf0d4e35bfcbd,https://shopee.vn/product/114297327/2171981737
2179009821,Bút chì gôm,4000,100,11,0,https://banhang.shopee.vn/portal/product/2179009821,https://cf.shopee.vn/file/4aa6679bf81444658aa4b485c0e88641,https://shopee.vn/product/114297327/2179009821
2200918239,Bút nước BTS,5000,25,27,1,https://banhang.shopee.vn/portal/product/2200918239,https://cf.shopee.vn/file/e657ba2447d5e9e1fc7e1148b9dda90b,https://shopee.vn/product/114297327/2200918239
2351188727,Combo 10 cái bóp bút chì,130000,9,1,0,https://banhang.shopee.vn/portal/product/2351188727,https://cf.shopee.vn/file/6cdcec8de2d96e4b77661c3c996440a8,https://shopee.vn/product/114297327/2351188727
2317480724,Thước kẻ Doreamon (Mẫu 2) No : 9926,3000,10,8,0,https://banhang.shopee.vn/portal/product/2317480724,https://cf.shopee.vn/file/d60130c677bc38f6aec43a1774151f2d,https://shopee.vn/product/114297327/2317480724
2299897288,Thước kẻ gỗ hình mèo 15cm,7000,4,13,0,https://banhang.shopee.vn/portal/product/2299897288,https://cf.shopee.vn/file/afbc138156c986936373b9ae637098a3,https://shopee.vn/product/114297327/2299897288
2344686519,Bút nước đen gà chip (mẫu 1),5000,68,2,0,https://banhang.shopee.vn/portal/product/2344686519,https://cf.shopee.vn/file/587c2990e1d90c7f13f3d5fe1b426968,https://shopee.vn/product/114297327/2344686519
2299923569,Gôm hình con voi 2 cục - Mã 1382,3000,30,0,0,https://banhang.shopee.vn/portal/product/2299923569,https://cf.shopee.vn/file/9b91d662743e6205dc16cc2d613efa62,https://shopee.vn/product/114297327/2299923569
2310751711,Bao sách Thịnh Phát ( 1 xấp - 10 tờ),15000,100,7,0,https://banhang.shopee.vn/portal/product/2310751711,https://cf.shopee.vn/file/f43a1b9bc5177479fbf6ffc37cfc4ea9,https://shopee.vn/product/114297327/2310751711
2195124544,Bút nước đen gấu trong,5000,0,0,0,https://banhang.shopee.vn/portal/product/2195124544,https://cf.shopee.vn/file/bc3d2246b7213c5888dc386af3e17b03,https://shopee.vn/product/114297327/2195124544
2051142654,Hộp bút - Khóa dây,15000,1,44,0,https://banhang.shopee.vn/portal/product/2051142654,https://cf.shopee.vn/file/384814bc62e1c34cedd6f82d7ffd97db,https://shopee.vn/product/114297327/2051142654
2153093230,Bút nước - hươu cao cổ,5000,48,12,2,https://banhang.shopee.vn/portal/product/2153093230,https://cf.shopee.vn/file/9b615dcdb1518d0e0db7a34127fc9bb8,https://shopee.vn/product/114297327/2153093230
2319328090,Bóp viết siêu cute,24000,100,58,0,https://banhang.shopee.vn/portal/product/2319328090,https://cf.shopee.vn/file/653cfb0cd15ecd4347dba787f916c533,https://shopee.vn/product/114297327/2319328090
2195124697,Bút bi hình ngựa UNicorn,5000,0,20,1,https://banhang.shopee.vn/portal/product/2195124697,https://cf.shopee.vn/file/d97f5e5907d8f7c24e9144a9c6d95a90,https://shopee.vn/product/114297327/2195124697
2203069921,Chì khúc thay ngòi đầu tẩy tròn - Mã LT1307,4000,40,11,0,https://banhang.shopee.vn/portal/product/2203069921,https://cf.shopee.vn/file/b6522cc03717aaef1ebf66a64e9e2311,https://shopee.vn/product/114297327/2203069921
2299897287,Thước kẻ dẻo win 20cm,3000,19,13,1,https://banhang.shopee.vn/portal/product/2299897287,https://cf.shopee.vn/file/be25938446d40c063b5cadc32d744ccb,https://shopee.vn/product/114297327/2299897287
2051208946,Vòng đeo tay có đèn,12000,0,0,0,https://banhang.shopee.vn/portal/product/2051208946,https://cf.shopee.vn/file/83bc0bda85307af4af10557b67983015,https://shopee.vn/product/114297327/2051208946
2344686567,Bút nước đen hoạt hình siêu cute,5000,50,1,0,https://banhang.shopee.vn/portal/product/2344686567,https://cf.shopee.vn/file/b6536da93d6d5cb5ce22ca690ad1db4a,https://shopee.vn/product/114297327/2344686567
2317192161,Bóp viết Simili Người nhện - Mã P-7201,16000,100,5,0,https://banhang.shopee.vn/portal/product/2317192161,https://cf.shopee.vn/file/c521773b6d4a7bca93d2c60d5d752624,https://shopee.vn/product/114297327/2317192161
2301511726,Chuốt bút chì hình minion,4000,33,5,0,https://banhang.shopee.vn/portal/product/2301511726,https://cf.shopee.vn/file/45b999d8eaeab98a156895f7a7e92cce,https://shopee.vn/product/114297327/2301511726
2310751741,Bao tập Thịnh Phát ( 1 xấp - 10 tờ),15000,100,23,0,https://banhang.shopee.vn/portal/product/2310751741,https://cf.shopee.vn/file/f43a1b9bc5177479fbf6ffc37cfc4ea9,https://shopee.vn/product/114297327/2310751741
2317480318,Hộp bút sắt Dễ thương B-590-21,20000,1,17,0,https://banhang.shopee.vn/portal/product/2317480318,https://cf.shopee.vn/file/80e3bb19bf5478189a4b56fac62eb076,https://shopee.vn/product/114297327/2317480318
2161679134,Giấy note Hàn Quốc,4000,58,26,1,https://banhang.shopee.vn/portal/product/2161679134,https://cf.shopee.vn/file/c538cfa4383a39ff0019440be41f698c,https://shopee.vn/product/114297327/2161679134
2299923570,Gôm bấm - Hình bút,6000,19,36,4,https://banhang.shopee.vn/portal/product/2299923570,https://cf.shopee.vn/file/3980a3e76e478dbf7e67d97d5e6611e6,https://shopee.vn/product/114297327/2299923570
2344582030,Bút bi đỏ SunBeam - Mã GEL-08,5000,13,2,0,https://banhang.shopee.vn/portal/product/2344582030,https://cf.shopee.vn/file/e8863bf74be1f6f866b2429e363fcff7,https://shopee.vn/product/114297327/2344582030
2306676527,Bóp viết nhựa trong tai mèo,20000,2,18,0,https://banhang.shopee.vn/portal/product/2306676527,https://cf.shopee.vn/file/bfc6173a4c8a91e483b943448b46ca7e,https://shopee.vn/product/114297327/2306676527
2306630392,Bút dạ quang GSTART- Mã GS-045,6000,9,12,2,https://banhang.shopee.vn/portal/product/2306630392,https://cf.shopee.vn/file/a7bfdd4a96dcdd0b239d6cc0114d0eba,https://shopee.vn/product/114297327/2306630392
2172029578,Chì bấm Angry Bird- Mã 520/522,5000,40,3,0,https://banhang.shopee.vn/portal/product/2172029578,https://cf.shopee.vn/file/31a50809b5617f0a794cca85c77a68d2,https://shopee.vn/product/114297327/2172029578
2306630394,Bóp viết da PU kỳ lân,20000,2,51,3,https://banhang.shopee.vn/portal/product/2306630394,https://cf.shopee.vn/file/c3dd50c83e9192b4d0068b5ba323fa3c,https://shopee.vn/product/114297327/2306630394
1989379242,Băng keo mút 2 mặt,10000,10,10,0,https://banhang.shopee.vn/portal/product/1989379242,https://cf.shopee.vn/file/9f3ba6377a54cc13a37e7736073a68bb,https://shopee.vn/product/114297327/1989379242
2299869221,Bút nước đen hình thỏ Molang,5000,65,19,0,https://banhang.shopee.vn/portal/product/2299869221,https://cf.shopee.vn/file/d24432a9e59d6bf3d1ed5928e4adcc91,https://shopee.vn/product/114297327/2299869221
2299869220,Bút nước đen hình chuột hamster,5000,22,12,0,https://banhang.shopee.vn/portal/product/2299869220,https://cf.shopee.vn/file/e7e4617f4321837b2cd7a4562a5b2865,https://shopee.vn/product/114297327/2299869220
1989725962,Băng keo 2 mặt,3000,100,0,0,https://banhang.shopee.vn/portal/product/1989725962,https://cf.shopee.vn/file/f26e7fa25504ca72979e34b2cf5beaea,https://shopee.vn/product/114297327/1989725962
2051192715,Giấy note - Siêu Cute,5000,0,9,0,https://banhang.shopee.vn/portal/product/2051192715,https://cf.shopee.vn/file/5afcdf8220b5821e1652c136f0ce8ae4,https://shopee.vn/product/114297327/2051192715
2195155669,Bút nước xanh hình chuột,5000,2,15,2,https://banhang.shopee.vn/portal/product/2195155669,https://cf.shopee.vn/file/23d7834950688f9b2d8b554c28516102,https://shopee.vn/product/114297327/2195155669
2172101120,Túi zip nhiều mẫu,12000,14,53,6,https://banhang.shopee.vn/portal/product/2172101120,https://cf.shopee.vn/file/6e2883109b236f8e7db4753889a42cbb,https://shopee.vn/product/114297327/2172101120
2344582033,"Ngòi chì bấm Ngòi vàng 0,5mm",3000,30,1,0,https://banhang.shopee.vn/portal/product/2344582033,https://cf.shopee.vn/file/ba06f01b9c4cc35adfc78788dca90342,https://shopee.vn/product/114297327/2344582033
2046925214,Bút tàng hình,7000,0,0,0,https://banhang.shopee.vn/portal/product/2046925214,https://cf.shopee.vn/file/3b4fca7c92179f72980db8d14b737683,https://shopee.vn/product/114297327/2046925214
2317473647,Viết gel xóa được - Mẫu 1012 - Màu xanh,5000,12,7,0,https://banhang.shopee.vn/portal/product/2317473647,https://cf.shopee.vn/file/53fc4836656979730be4112a0783fa00,https://shopee.vn/product/114297327/2317473647
2317160929,Hộp viết nhựa Doreamon - Mã 7093,18000,10,8,0,https://banhang.shopee.vn/portal/product/2317160929,https://cf.shopee.vn/file/64fac936df1361b1b48a527657ade09b,https://shopee.vn/product/114297327/2317160929
2161603154,Sổ - mini có nút,3000,0,12,5,https://banhang.shopee.vn/portal/product/2161603154,https://cf.shopee.vn/file/2258066972e707db93dc37ae350fe710,https://shopee.vn/product/114297327/2161603154
2161872283,Thước kẻ vẽ hình (4 cây),13000,8,14,1,https://banhang.shopee.vn/portal/product/2161872283,https://cf.shopee.vn/file/d182c0c6ae98dc82153d5aabcc05cc9b,https://shopee.vn/product/114297327/2161872283
2172661574,Túi bút mèo nổi,25000,0,0,1,https://banhang.shopee.vn/portal/product/2172661574,https://cf.shopee.vn/file/013acfe6a5b1013ac2c2553bb466a364,https://shopee.vn/product/114297327/2172661574
2306676529,Bóp viết Thỏ Molang dâu,20000,1,35,0,https://banhang.shopee.vn/portal/product/2306676529,https://cf.shopee.vn/file/e09f3f10504513003ed16ff28537d1c5,https://shopee.vn/product/114297327/2306676529
2051099927,Hộp bút thiếc dễ thương,18000,5,49,5,https://banhang.shopee.vn/portal/product/2051099927,https://cf.shopee.vn/file/10bb10a1b1c81c2bf664d28fec584861,https://shopee.vn/product/114297327/2051099927
2344686560,Bút nước đen gà con,5000,50,0,0,https://banhang.shopee.vn/portal/product/2344686560,https://cf.shopee.vn/file/0c47e3367612ea5499292d84a6931ca8,https://shopee.vn/product/114297327/2344686560
2175165588,Đồ chơi thổi bóng,8000,0,6,0,https://banhang.shopee.vn/portal/product/2175165588,https://cf.shopee.vn/file/571d079ae483f268f9862301530cfacb,https://shopee.vn/product/114297327/2175165588
2239667815,Hộp bút có gương soi,32000,0,0,0,https://banhang.shopee.vn/portal/product/2239667815,https://cf.shopee.vn/file/f39dc3c9cb41fe086dcb4b3ffd250da0,https://shopee.vn/product/114297327/2239667815
1988603433,Thước kẻ - Nhiều hình,3000,0,0,0,https://banhang.shopee.vn/portal/product/1988603433,https://cf.shopee.vn/file/b078648501ed83627877599f6c86ccbd,https://shopee.vn/product/114297327/1988603433
2299942877,Bút chì gỗ STAEDTLER 120,8000,12,10,0,https://banhang.shopee.vn/portal/product/2299942877,https://cf.shopee.vn/file/93fed6a0c13c1bdd7b00dea19e5fb6b1,https://shopee.vn/product/114297327/2299942877
2179071647,Chì bấm thỏ trắng đầu gôm - Mã G980,5000,90,3,0,https://banhang.shopee.vn/portal/product/2179071647,https://cf.shopee.vn/file/154ea1340bf6ea84e5e64575de4139d8,https://shopee.vn/product/114297327/2179071647
2171926013,Chuốt bút chì hình cú mèo - Mã 349,5000,73,7,0,https://banhang.shopee.vn/portal/product/2171926013,https://cf.shopee.vn/file/35971483bfea61f72918304c15931d3e,https://shopee.vn/product/114297327/2171926013
2317150549,Bộ dụng cụ học tập có hộp bút - Mã 8002D/G,29000,98,218,2,https://banhang.shopee.vn/portal/product/2317150549,https://cf.shopee.vn/file/67062d0860f3b83810123070e52453d9,https://shopee.vn/product/114297327/2317150549
2202309799,Stickers 3d bánh kẹo - trái cây,7000,16,0,0,https://banhang.shopee.vn/portal/product/2202309799,https://cf.shopee.vn/file/0794b97eefcd069d3501416d6f52d858,https://shopee.vn/product/114297327/2202309799
2344582026,Bút lông kim Doremon- Mã FL-04,6000,10,1,0,https://banhang.shopee.vn/portal/product/2344582026,https://cf.shopee.vn/file/92e8614ceed9012ef00bb216ef69be7f,https://shopee.vn/product/114297327/2344582026
2202239164,Stickers 3d con vật,5000,100,6,0,https://banhang.shopee.vn/portal/product/2202239164,https://cf.shopee.vn/file/e8690ba87514fd8687a1a32c2a8aeb23,https://shopee.vn/product/114297327/2202239164
1748308829,Bóp viết hình cây bút chì - Nhiều Mẫu,15000,468,407,132,https://banhang.shopee.vn/portal/product/1748308829,https://cf.shopee.vn/file/134d2f9f0ab6ad38dec0a109959c029d,https://shopee.vn/product/114297327/1748308829
2301511729,Chuốt bút chì hình bắp,4000,44,38,2,https://banhang.shopee.vn/portal/product/2301511729,https://cf.shopee.vn/file/f656a4584c0f5ae797632dbbe02c02e9,https://shopee.vn/product/114297327/2301511729
2317479190,Hộp bút hít Dễ thương _Mã 3562,36000,1,17,0,https://banhang.shopee.vn/portal/product/2317479190,https://cf.shopee.vn/file/ac536fb6389c42dd23c9c2cbb38582d0,https://shopee.vn/product/114297327/2317479190
2344686542,Bút nước đen gấu - 3 anh em nhà gấu,5000,47,3,0,https://banhang.shopee.vn/portal/product/2344686542,https://cf.shopee.vn/file/e18299d701d93a1bc7b0d10daddc3db4,https://shopee.vn/product/114297327/2344686542
2254505790,Bút chì màu sáp hình con voi - Gstar 12 màu,15000,15,15,0,https://banhang.shopee.vn/portal/product/2254505790,https://cf.shopee.vn/file/23d31de1286ba96d0f66d4645274675a,https://shopee.vn/product/114297327/2254505790
2310751726,Bút lông dầu siêu rẻ,8000,17,4,0,https://banhang.shopee.vn/portal/product/2310751726,https://cf.shopee.vn/file/5ad55a5d3c64f31ea7d86521da2c6a7b,https://shopee.vn/product/114297327/2310751726
2299942876,Chì khúc thay ngòi đầu tẩy tròn - Mã LT1307,4000,48,1,0,https://banhang.shopee.vn/portal/product/2299942876,https://cf.shopee.vn/file/f42058a61297244747ff760b1a043300,https://shopee.vn/product/114297327/2299942876
2171960776,Hộp đựng bút - Thiếc lưới,20000,17,50,1,https://banhang.shopee.vn/portal/product/2171960776,https://cf.shopee.vn/file/34b0ed842fb0dd6653f4cb8d20b19b5e,https://shopee.vn/product/114297327/2171960776
2299869223,Bút nước xanh hình siêu nhân - Mẫu 2,5000,48,5,0,https://banhang.shopee.vn/portal/product/2299869223,https://cf.shopee.vn/file/f130adaa5bc2d7da903188a8845555c9,https://shopee.vn/product/114297327/2299869223
2195124551,Bút nước đen cá heo,5000,10,10,0,https://banhang.shopee.vn/portal/product/2195124551,https://cf.shopee.vn/file/50d59160ed14d0dd19bdaa65fb2b91f6,https://shopee.vn/product/114297327/2195124551
2317478214,Hộp bút hít nhân vật hoạt hình - Nhiều Mẫu,34000,5,12,0,https://banhang.shopee.vn/portal/product/2317478214,https://cf.shopee.vn/file/c7215e824ab16325fc31f286ea1c565a,https://shopee.vn/product/114297327/2317478214
2344686549,Bút nước đen hình cá (mẫu 1),5000,50,0,0,https://banhang.shopee.vn/portal/product/2344686549,https://cf.shopee.vn/file/d69e3ee7090ba798eb4bc806c20834eb,https://shopee.vn/product/114297327/2344686549
2317162929,Hộp viết nhựa BTS_Mã 7093,18000,2,12,0,https://banhang.shopee.vn/portal/product/2317162929,https://cf.shopee.vn/file/a164f860e6838531b55fe180d1d58c91,https://shopee.vn/product/114297327/2317162929
2317193183,Bóp viết Simili the zoo - Mã P-1511,16000,50,8,0,https://banhang.shopee.vn/portal/product/2317193183,https://cf.shopee.vn/file/bac6f1a00c77f0e49cf182bde3eee0ee,https://shopee.vn/product/114297327/2317193183
2161872329,Thước kẻ hình ếch 15cm - Mã 8118,5000,70,16,2,https://banhang.shopee.vn/portal/product/2161872329,https://cf.shopee.vn/file/6827560c4ba9746a9c20042a46e026dc,https://shopee.vn/product/114297327/2161872329
2317481741,Bút nước nhiều màu Gel Chosch CS-885 (1 màu/hộp/12 cây),30000,8,9,0,https://banhang.shopee.vn/portal/product/2317481741,https://cf.shopee.vn/file/f18756c0062cf09a94b2d8f355e6fa5b,https://shopee.vn/product/114297327/2317481741
2172666920,Túi bút cute,20000,2,18,0,https://banhang.shopee.vn/portal/product/2172666920,https://cf.shopee.vn/file/f5c09cad69bef5f45509a135d5751a53,https://shopee.vn/product/114297327/2172666920
2301511725,Chuốt bút chì hình voi,4000,18,26,2,https://banhang.shopee.vn/portal/product/2301511725,https://cf.shopee.vn/file/e1594b68cac7ab5ea39307aecd9bd9a4,https://shopee.vn/product/114297327/2301511725
2317478950,Hộp bút hít Mickey No : 83005-13,29000,5,16,0,https://banhang.shopee.vn/portal/product/2317478950,https://cf.shopee.vn/file/745973ae8af1944aabf58380867bd100,https://shopee.vn/product/114297327/2317478950
2172098420,Túi bút mèo,29000,31,125,2,https://banhang.shopee.vn/portal/product/2172098420,https://cf.shopee.vn/file/343f992478fa9186ad698bea68076dde,https://shopee.vn/product/114297327/2172098420
2203050784,Chì bấm hình thỏ đầu gôm,5000,100,13,0,https://banhang.shopee.vn/portal/product/2203050784,https://cf.shopee.vn/file/820ff96695dd58cc246f60c1cbcd6596,https://shopee.vn/product/114297327/2203050784
2253801266,Bút nước xanh chú heo - Mã 5006,5000,0,0,2,https://banhang.shopee.vn/portal/product/2253801266,https://cf.shopee.vn/file/d60e136f23891d30a08a2f5a4b2bf1d8,https://shopee.vn/product/114297327/2253801266
2195124575,Bút nước đen xương rồng lớn,3500,0,7,0,https://banhang.shopee.vn/portal/product/2195124575,https://cf.shopee.vn/file/ff062a4227444fe3c8f6cbc655962a2f,https://shopee.vn/product/114297327/2195124575
2195155671,Bút nước xanh hình gậy,5000,4,9,2,https://banhang.shopee.vn/portal/product/2195155671,https://cf.shopee.vn/file/dac2714060a77fe540a84a8a201427fa,https://shopee.vn/product/114297327/2195155671
2068810981,Sticker chỉ mục Marker,15000,22,22,0,https://banhang.shopee.vn/portal/product/2068810981,https://cf.shopee.vn/file/54578680f9d42338ab2e2880d9ad3e40,https://shopee.vn/product/114297327/2068810981
1988730288,Gôm son - Nhiều hình,4000,15,41,8,https://banhang.shopee.vn/portal/product/1988730288,https://cf.shopee.vn/file/726df764a97d6c0a313330ebff8432f3,https://shopee.vn/product/114297327/1988730288
2050704394,Nam châm gỗ hình ngộ nghĩnh,15000,30,8,0,https://banhang.shopee.vn/portal/product/2050704394,https://cf.shopee.vn/file/24e7111f236f964485fa082e51489b4c,https://shopee.vn/product/114297327/2050704394
2154760636,Bút dạ quang hình kim tiêm,5000,7,35,0,https://banhang.shopee.vn/portal/product/2154760636,https://cf.shopee.vn/file/0b56ee14062846d525a62667700c8410,https://shopee.vn/product/114297327/2154760636
2344582019,Chuông nhấn cơ siêu cute,40000,6,1,0,https://banhang.shopee.vn/portal/product/2344582019,https://cf.shopee.vn/file/c926fffd60eccabae4373901d4b9d523,https://shopee.vn/product/114297327/2344582019
2306619805,Chuốt bút chì hình cà rốt,4000,47,23,1,https://banhang.shopee.vn/portal/product/2306619805,https://cf.shopee.vn/file/695745819b28d70e3d9edf28ab1632f6,https://shopee.vn/product/114297327/2306619805
2344686545,Bút nước đen siêu nhân ( mẫu 4),5000,50,1,0,https://banhang.shopee.vn/portal/product/2344686545,https://cf.shopee.vn/file/6c6647f883f383cfbf2f7a95521a7e51,https://shopee.vn/product/114297327/2344686545
2310755864,Vở ABC - 96 trang,6000,10,7,0,https://banhang.shopee.vn/portal/product/2310755864,https://cf.shopee.vn/file/2036b338d10f3e7424963a04c1d9a1b6,https://shopee.vn/product/114297327/2310755864
2153093227,Bút nước - xe tăng,5000,10,2,0,https://banhang.shopee.vn/portal/product/2153093227,https://cf.shopee.vn/file/f041ae3b261d7d33832b6f60c5b2dc04,https://shopee.vn/product/114297327/2153093227
2179116869,Sổ mini cực nhỏ - Mẫu 3,2500,23,78,1,https://banhang.shopee.vn/portal/product/2179116869,https://cf.shopee.vn/file/e246679f067f8e90d877a063675fb288,https://shopee.vn/product/114297327/2179116869
2172009258,Chì bấm minion - Mã 532,5000,28,1,0,https://banhang.shopee.vn/portal/product/2172009258,https://cf.shopee.vn/file/ae03c01dded9e68f532fc427c459cf92,https://shopee.vn/product/114297327/2172009258
2317164630,Hộp viết nhựa Doreamon có la bàn- Mã 7096,22000,16,16,0,https://banhang.shopee.vn/portal/product/2317164630,https://cf.shopee.vn/file/2f8a850749b0e9620dbf8b13a0d63e10,https://shopee.vn/product/114297327/2317164630
2317474806,Viết gel xóa được Doreamon HY (tím)  No 9920,4000,12,1,0,https://banhang.shopee.vn/portal/product/2317474806,https://cf.shopee.vn/file/9b31d917f83053a4afbbf2848316b655,https://shopee.vn/product/114297327/2317474806
2310751725,Chuốt bút chì hình kitty đồng hồ - Mã 674,5000,17,20,7,https://banhang.shopee.vn/portal/product/2310751725,https://cf.shopee.vn/file/1ccbc89a35070362fceea193ff82637e,https://shopee.vn/product/114297327/2310751725
2301511724,Chuốt bút chì hình con bọ,5000,7,0,0,https://banhang.shopee.vn/portal/product/2301511724,https://cf.shopee.vn/file/ee780d11f03ff9fda2610fba75ff533b,https://shopee.vn/product/114297327/2301511724
2203155012,Stickers 3d Sinh vật biển,5000,100,6,0,https://banhang.shopee.vn/portal/product/2203155012,https://cf.shopee.vn/file/51c421b0e208a21f5f1047bed40a4b24,https://shopee.vn/product/114297327/2203155012
2161603153,Sổ mini cách điệu - Mẫu 2,3000,100,12,0,https://banhang.shopee.vn/portal/product/2161603153,https://cf.shopee.vn/file/df9c79a1a0a3e135bbe618841eddb666,https://shopee.vn/product/114297327/2161603153
2317481469,Thước kẻ Doreamon lấp lánh (Mẫu 3) No : HC072-20,3000,10,11,0,https://banhang.shopee.vn/portal/product/2317481469,https://cf.shopee.vn/file/f91a199a04af036152d84e0f3c69cd78,https://shopee.vn/product/114297327/2317481469
2179062678,Bút bi 8 màu,8000,0,10,6,https://banhang.shopee.vn/portal/product/2179062678,https://cf.shopee.vn/file/441d4daa74c1f78c4d78e3068a856ce4,https://shopee.vn/product/114297327/2179062678
2299942873,Chì khúc thay ngòi kính lúp - Mã LT1303,4000,48,6,0,https://banhang.shopee.vn/portal/product/2299942873,https://cf.shopee.vn/file/9f7f2ea8072d2804710d4d5d20d657ab,https://shopee.vn/product/114297327/2299942873
2306630400,Bóp viết vải bố LIFESTYLE VINTAGE,12000,13,138,6,https://banhang.shopee.vn/portal/product/2306630400,https://cf.shopee.vn/file/c286bec73c2d3ca5c90fa5bb7b0ac148,https://shopee.vn/product/114297327/2306630400
2310751710,Compa bộ Con vật - Mã 5011,20000,3,38,1,https://banhang.shopee.vn/portal/product/2310751710,https://cf.shopee.vn/file/4d6878114e27dac6c98a6da98a952a4e,https://shopee.vn/product/114297327/2310751710
1988646488,Dấu in hình cute,22000,0,25,1,https://banhang.shopee.vn/portal/product/1988646488,https://cf.shopee.vn/file/e62499c2f9c5c662e90fd080e6b43ddd,https://shopee.vn/product/114297327/1988646488
2172106260,túi bút xương rồng,20000,10,7,0,https://banhang.shopee.vn/portal/product/2172106260,https://cf.shopee.vn/file/c0eb443775112641355933147c0791f7,https://shopee.vn/product/114297327/2172106260
2299942874,Bút chì gỗ GSTART 009 (2B),2000,60,5,0,https://banhang.shopee.vn/portal/product/2299942874,https://cf.shopee.vn/file/884ec1189680dc68b4d331e2267e57b2,https://shopee.vn/product/114297327/2299942874
2051065017,Kẹp tóc lò xo,4000,27,220,35,https://banhang.shopee.vn/portal/product/2051065017,https://cf.shopee.vn/file/f03f26633d58b1bfc7378e8b60fdc01f,https://shopee.vn/product/114297327/2051065017
2161679182,Giấy note nhiều hình màu dạ quang,5000,86,7,0,https://banhang.shopee.vn/portal/product/2161679182,https://cf.shopee.vn/file/b9a26cc7744c6f8a88510bc8b157e5a9,https://shopee.vn/product/114297327/2161679182
2299897104,Sticker màu dạ quang,4000,77,13,0,https://banhang.shopee.vn/portal/product/2299897104,https://cf.shopee.vn/file/d2251c627b69f6ddd8b205eb5684f871,https://shopee.vn/product/114297327/2299897104
2195124571,Bút nước đen gà chíp,5000,0,0,0,https://banhang.shopee.vn/portal/product/2195124571,https://cf.shopee.vn/file/c1752d34bae780ec20a523c4cfb5864f,https://shopee.vn/product/114297327/2195124571
2154760604,Bộ dụng cụ học tập 8 món,15000,2,24,0,https://banhang.shopee.vn/portal/product/2154760604,https://cf.shopee.vn/file/94745fc913b71fb98341b912664c59af,https://shopee.vn/product/114297327/2154760604
2154760585,Bộ dụng cụ học tập 5 món - Không kéo,10000,0,67,5,https://banhang.shopee.vn/portal/product/2154760585,https://cf.shopee.vn/file/1d6b173d75eb6a31f6aca4b4390e998a,https://shopee.vn/product/114297327/2154760585
2344582038,Bút bi xanh TL-027,3500,24,0,0,https://banhang.shopee.vn/portal/product/2344582038,https://cf.shopee.vn/file/8e1e6a87b2fb149cfa9c81100e84964f,https://shopee.vn/product/114297327/2344582038
2188479343,Bút xóa kéo hình cà rốt,13000,99,75,1,https://banhang.shopee.vn/portal/product/2188479343,https://cf.shopee.vn/file/32faba2a467da5ce1f6e9ade6e67a95c,https://shopee.vn/product/114297327/2188479343
2182879293,Chuốt bút chì hình chuột vi tính - Mã 2011,5000,24,1,0,https://banhang.shopee.vn/portal/product/2182879293,https://cf.shopee.vn/file/23c844409f80c0b2775e354745aabbf5,https://shopee.vn/product/114297327/2182879293
2172127956,Bóp viết da PU mắt nổi,22000,21,16,0,https://banhang.shopee.vn/portal/product/2172127956,https://cf.shopee.vn/file/7c67c3055b809a8af95fa4b7c99941a4,https://shopee.vn/product/114297327/2172127956
2344582003,Bút xóa nước Cây dẹp R-MORE 2000,12000,10,1,0,https://banhang.shopee.vn/portal/product/2344582003,https://cf.shopee.vn/file/f6385e3ae1c4047700da82f8ca6515e1,https://shopee.vn/product/114297327/2344582003
2051233020,Tấm lót chuột vi tính,13000,0,0,2,https://banhang.shopee.vn/portal/product/2051233020,https://cf.shopee.vn/file/247c70a494e9355d41144be31986715b,https://shopee.vn/product/114297327/2051233020
2239781250,Bóp viết màu dạ quang Always smile - Mã BD191 - 20,29000,46,15,0,https://banhang.shopee.vn/portal/product/2239781250,https://cf.shopee.vn/file/338a7382877fe67ddd04fc11b79fb086,https://shopee.vn/product/114297327/2239781250
2306676531,Bóp viết sọc ô vuông xanh,20000,2,14,0,https://banhang.shopee.vn/portal/product/2306676531,https://cf.shopee.vn/file/7c7b409eb8fee7e9e4e7af88cf54780c,https://shopee.vn/product/114297327/2306676531
2344582001,Bút nước xanh giọt nước,5000,3,0,0,https://banhang.shopee.vn/portal/product/2344582001,https://cf.shopee.vn/file/07b9dadd0538a4f30412f845412fa347,https://shopee.vn/product/114297327/2344582001
2344582017,Bút nước xanh Heo hồng,5000,8,2,0,https://banhang.shopee.vn/portal/product/2344582017,https://cf.shopee.vn/file/4125d66d8aaec28a4ba91687ecfa3ae3,https://shopee.vn/product/114297327/2344582017
2345478551,Bóp viết vải bố hình mèo cặp - Nhiều mẫu,22000,5,4,0,https://banhang.shopee.vn/portal/product/2345478551,https://cf.shopee.vn/file/5e24bce96fe6073421317bbbab8c1d44,https://shopee.vn/product/114297327/2345478551
2239771016,Bóp viết Good time - Nhiều Mẫu - BD-180-20,22000,38,14,0,https://banhang.shopee.vn/portal/product/2239771016,https://cf.shopee.vn/file/a4a7291c5a47e90c1844773b93686db5,https://shopee.vn/product/114297327/2239771016
2253774641,Bút chì gỗ đầu gôm to,5000,225,9,0,https://banhang.shopee.vn/portal/product/2253774641,https://cf.shopee.vn/file/80fbed788d0523755fe337308f1b8219,https://shopee.vn/product/114297327/2253774641
2239797130,Hộp bút xe hơi,22000,0,14,0,https://banhang.shopee.vn/portal/product/2239797130,https://cf.shopee.vn/file/3444ea1b3ce10ffc3b942665487244b6,https://shopee.vn/product/114297327/2239797130
2195124552,Bút nước đen kì lân mặt trăng,5000,0,0,0,https://banhang.shopee.vn/portal/product/2195124552,https://cf.shopee.vn/file/5ba891075e324ca0ab01c8e0cd726521,https://shopee.vn/product/114297327/2195124552
2203666344,Bút chì GStar 2b,2000,98,11,0,https://banhang.shopee.vn/portal/product/2203666344,https://cf.shopee.vn/file/39a9d04fbd4f566cdef3a181eabbbcc3,https://shopee.vn/product/114297327/2203666344
2306676524,Bóp viết nhựa trong kim tuyến,20000,100,30,0,https://banhang.shopee.vn/portal/product/2306676524,https://cf.shopee.vn/file/785967dde55dfb754a4c8d7c045f5e03,https://shopee.vn/product/114297327/2306676524
2179137770,Bóp viết da PU mèo,23000,2,17,0,https://banhang.shopee.vn/portal/product/2179137770,https://cf.shopee.vn/file/c37c72e1d9a6b9deb14ac71d8cf9e6b7,https://shopee.vn/product/114297327/2179137770
2253756742,Bút nước đen kì lân - Mẫu 2,5000,46,37,2,https://banhang.shopee.vn/portal/product/2253756742,https://cf.shopee.vn/file/69d1cc1ac1dc130259379e27ad92b5d1,https://shopee.vn/product/114297327/2253756742
2161872288,Thước vẽ hoa,7000,0,9,2,https://banhang.shopee.vn/portal/product/2161872288,https://cf.shopee.vn/file/dfc459e6d43e8cae10133a26329fa549,https://shopee.vn/product/114297327/2161872288
2161603159,Sổ lò xo - Nhiều hình,8000,35,40,10,https://banhang.shopee.vn/portal/product/2161603159,https://cf.shopee.vn/file/6e0befb0ddf40f9f85ad75df3660f4b2,https://shopee.vn/product/114297327/2161603159
2039084542,Dụng cụ bấm giấy trang trí,15000,5,24,0,https://banhang.shopee.vn/portal/product/2039084542,https://cf.shopee.vn/file/d9543383b75727f8458851add14ebbdf,https://shopee.vn/product/114297327/2039084542
2299942879,Bút chì gỗ đầu gôm nhỏ hình thú,4000,243,26,5,https://banhang.shopee.vn/portal/product/2299942879,https://cf.shopee.vn/file/7510e91608afab8a66b75f510f7dadca,https://shopee.vn/product/114297327/2299942879
2172130049,Túi bút trái đào,20000,5,48,0,https://banhang.shopee.vn/portal/product/2172130049,https://cf.shopee.vn/file/56f95465142fb0e8eec7b50994ae37be,https://shopee.vn/product/114297327/2172130049
2161872289,Thước kẻ gấu nằm 12cm - Mã 8128,5000,96,9,0,https://banhang.shopee.vn/portal/product/2161872289,https://cf.shopee.vn/file/43fcd0808c1e0d83fedda8fb172ca879,https://shopee.vn/product/114297327/2161872289
2299923571,Sticker kiểu Nhật Bản siêu cute,8000,7,50,0,https://banhang.shopee.vn/portal/product/2299923571,https://cf.shopee.vn/file/4ec29da34c9e8a6c57b923c16b8db04d,https://shopee.vn/product/114297327/2299923571
2310751764,Chuốt bút chì hình cú mèo (1 lỗ)  - Mã 601,4000,59,7,0,https://banhang.shopee.vn/portal/product/2310751764,https://cf.shopee.vn/file/219815e04ad6968889f8f71e0c32cdad,https://shopee.vn/product/114297327/2310751764
2174933528,Bóp viết thỏ,29000,34,31,0,https://banhang.shopee.vn/portal/product/2174933528,https://cf.shopee.vn/file/8e8b4660a8fb055760df4ccdf67464c1,https://shopee.vn/product/114297327/2174933528
2239678520,Hộp bút nam châm hít,35000,0,0,0,https://banhang.shopee.vn/portal/product/2239678520,https://cf.shopee.vn/file/ade8985518ea513e17de1f561e4469b5,https://shopee.vn/product/114297327/2239678520
2046507153,Bút kéo trang trí hình ảnh,23000,6,86,1,https://banhang.shopee.vn/portal/product/2046507153,https://cf.shopee.vn/file/469f69e330a1cc627caee22b73f76559,https://shopee.vn/product/114297327/2046507153
2344686546,Bút nước đen giọt nước đội nón,5000,50,2,0,https://banhang.shopee.vn/portal/product/2344686546,https://cf.shopee.vn/file/6d5cfd59b872b22e6aee051c2c52e822,https://shopee.vn/product/114297327/2344686546
2299923572,Gôm pentel nhỏ,3000,48,21,7,https://banhang.shopee.vn/portal/product/2299923572,https://cf.shopee.vn/file/8384ff07030bff89c3684a65676a9040,https://shopee.vn/product/114297327/2299923572
2179134456,Bóp viết Flamingo hồng hạc,20000,3,52,3,https://banhang.shopee.vn/portal/product/2179134456,https://cf.shopee.vn/file/ec5cd5eb6ce685cc87307afee149e37e,https://shopee.vn/product/114297327/2179134456
2154760577,Bộ dụng cụ học tập 5 món (có kéo),12000,98,60,0,https://banhang.shopee.vn/portal/product/2154760577,https://cf.shopee.vn/file/0a99534e84de53938d692dab179631e1,https://shopee.vn/product/114297327/2154760577
2182883641,Chuốt chì hình thỏ,3000,0,0,0,https://banhang.shopee.vn/portal/product/2182883641,https://cf.shopee.vn/file/b4b104ac798827f99b7e4ba282bc8fd4,https://shopee.vn/product/114297327/2182883641
2283901709,Bóp viết siêu cute - Nhiều Mẫu,36000,3,29,0,https://banhang.shopee.vn/portal/product/2283901709,https://cf.shopee.vn/file/aa4ea763586e4c6434cb85323d2acf8b,https://shopee.vn/product/114297327/2283901709
2299923567,Gôm hình thức ăn 1 cục - Mã 5150,3000,45,39,3,https://banhang.shopee.vn/portal/product/2299923567,https://cf.shopee.vn/file/c1cffbc9dd8f0dc91950a0b138434352,https://shopee.vn/product/114297327/2299923567
2253763420,Bóp bút simili beautiful,21000,30,21,0,https://banhang.shopee.vn/portal/product/2253763420,https://cf.shopee.vn/file/46239be342d46a4d83258f6f2f1732c9,https://shopee.vn/product/114297327/2253763420
2299897284,Thước kẻ hình kẹo 20cm - Mã 308,3000,28,38,2,https://banhang.shopee.vn/portal/product/2299897284,https://cf.shopee.vn/file/1f28ab0f19e2844fccadba497ed09d00,https://shopee.vn/product/114297327/2299897284
2172701916,Sticker 3d,5000,10,11,0,https://banhang.shopee.vn/portal/product/2172701916,https://cf.shopee.vn/file/e24180a7c1b25ad9c212e811da4cb114,https://shopee.vn/product/114297327/2172701916
2306630389,Bút bi lò xo mặt cười,14000,10,32,0,https://banhang.shopee.vn/portal/product/2306630389,https://cf.shopee.vn/file/6bb8d283bd06fab1cfb51ec0ac8b8698,https://shopee.vn/product/114297327/2306630389
2299923585,Gôm hình cú mèo - Mã 5163,3000,35,10,0,https://banhang.shopee.vn/portal/product/2299923585,https://cf.shopee.vn/file/83b66088a649abb35b634a65bc832fa6,https://shopee.vn/product/114297327/2299923585
2135332328,Bút chì gỗ 2B - DELI 37013,3000,77,41,18,https://banhang.shopee.vn/portal/product/2135332328,https://cf.shopee.vn/file/b82ec2e02dda8b6e1c057e7a09b0e7a7,https://shopee.vn/product/114297327/2135332328
2344581999,Bút nước xanh Gà trong,5000,10,0,0,https://banhang.shopee.vn/portal/product/2344581999,https://cf.shopee.vn/file/0541b8b2f45ed290710fb4c449ab799e,https://shopee.vn/product/114297327/2344581999
2179035701,Combo 100 gôm mô hình - nhiều loại (mix mẫu),250000,1,41,1,https://banhang.shopee.vn/portal/product/2179035701,https://cf.shopee.vn/file/e203830cfafa9f96c273e82d68ae7d4a,https://shopee.vn/product/114297327/2179035701
2351127001,Combo 30 bông hoa dạ quang,330000,9,1,0,https://banhang.shopee.vn/portal/product/2351127001,https://cf.shopee.vn/file/6907071c7d30a18266d927d61407d99c,https://shopee.vn/product/114297327/2351127001
2344582108,Bút xóa nước cây tròn R-MORE,10000,10,0,0,https://banhang.shopee.vn/portal/product/2344582108,https://cf.shopee.vn/file/fcf7d908b69983f1379e26909c2eb5f7,https://shopee.vn/product/114297327/2344582108
2317192018,Bóp viết Simili - Mã 9511A,16000,70,8,0,https://banhang.shopee.vn/portal/product/2317192018,https://cf.shopee.vn/file/818521904bebd293ee8991489b13f65b,https://shopee.vn/product/114297327/2317192018
2202378929,Stickers trái tim - ngôi sao,12000,10,7,0,https://banhang.shopee.vn/portal/product/2202378929,https://cf.shopee.vn/file/ef26cb395302193fc2373650c084ab48,https://shopee.vn/product/114297327/2202378929
2299942872,Chì bấm hình thỏ rung - Mã 8611,5000,40,14,0,https://banhang.shopee.vn/portal/product/2299942872,https://cf.shopee.vn/file/c7ef83d5b947c538e754bef24504a61d,https://shopee.vn/product/114297327/2299942872
2306630390,Bút dạ quang 2 đầu - Mã ML-2007,6000,24,9,0,https://banhang.shopee.vn/portal/product/2306630390,https://cf.shopee.vn/file/054c9e7fdee2a1db1e8c4e52232409f9,https://shopee.vn/product/114297327/2306630390
2046938402,Bóp viết hình hộp sữa,20000,4,165,3,https://banhang.shopee.vn/portal/product/2046938402,https://cf.shopee.vn/file/fe4ebe13f14738670aa53254ef4f6bfb,https://shopee.vn/product/114297327/2046938402
2299923565,Gôm khúc hoạt hình - Mã 301,5000,24,4,0,https://banhang.shopee.vn/portal/product/2299923565,https://cf.shopee.vn/file/64465b41bee317828313ab289507ca02,https://shopee.vn/product/114297327/2299923565
2203037544,Chì bấm hình gấu Koala - Mã Gstar HS01,5000,30,11,0,https://banhang.shopee.vn/portal/product/2203037544,https://cf.shopee.vn/file/00da43ed7d1bbdf2a908749002eb49fe,https://shopee.vn/product/114297327/2203037544
2299869237,Bộ dụng cụ học tập có kéo - Mã 2016,15000,50,81,0,https://banhang.shopee.vn/portal/product/2299869237,https://cf.shopee.vn/file/b4678067b66c1d706714c1209f77e181,https://shopee.vn/product/114297327/2299869237
2277410702,Combo bóp bút,150000,0,0,1,https://banhang.shopee.vn/portal/product/2277410702,https://cf.shopee.vn/file/8cbba6aa1b7b7abf9105e1d516a03a47,https://shopee.vn/product/114297327/2277410702
2301516884,Bút chì màu sáp hình con gà - 12 màu,18000,100,4,0,https://banhang.shopee.vn/portal/product/2301516884,https://cf.shopee.vn/file/16beba0eba965a814a2dc23c7a03f567,https://shopee.vn/product/114297327/2301516884
2299897283,Thước kẻ kính soi 20cm - Mã KD-33D,3000,60,5,0,https://banhang.shopee.vn/portal/product/2299897283,https://cf.shopee.vn/file/284594492718f1a055b6dfa31cfa6be9,https://shopee.vn/product/114297327/2299897283
2172113371,Túi bút nhựa trong hình ( nhiều mẫu),20000,20,35,0,https://banhang.shopee.vn/portal/product/2172113371,https://cf.shopee.vn/file/dc0b0a08d8b6f85fbe4e8dd85012f937,https://shopee.vn/product/114297327/2172113371
2344686568,Bút nước đen heo peppa,5000,50,1,0,https://banhang.shopee.vn/portal/product/2344686568,https://cf.shopee.vn/file/e02b80cb30235e8df73d18591909f413,https://shopee.vn/product/114297327/2344686568
2239586421,Bóp viết đôi - Nhiều Mẫu,44000,2,40,0,https://banhang.shopee.vn/portal/product/2239586421,https://cf.shopee.vn/file/8a6376b2e98e80f3e03f90c37e3b1840,https://shopee.vn/product/114297327/2239586421
2344582000,Bút nước xanh Siêu nhân mẫu 3,5000,2,1,0,https://banhang.shopee.vn/portal/product/2344582000,https://cf.shopee.vn/file/ade7d6106406682ee232caa963964fb7,https://shopee.vn/product/114297327/2344582000
2239602974,Hộp bút - Thiếc - 2 Tầng,34000,0,0,0,https://banhang.shopee.vn/portal/product/2239602974,https://cf.shopee.vn/file/434315e788a4f3517dce6d48f755a5e6,https://shopee.vn/product/114297327/2239602974
2175158642,Đồ chơi bắn bi,12000,13,17,0,https://banhang.shopee.vn/portal/product/2175158642,https://cf.shopee.vn/file/4295a44b38d0a839fd631d488ed7e6a3,https://shopee.vn/product/114297327/2175158642
2239688047,Hộp bút có máy tính,57000,0,14,0,https://banhang.shopee.vn/portal/product/2239688047,https://cf.shopee.vn/file/d0458d1ea1603c742ac13e7c70cb1c66,https://shopee.vn/product/114297327/2239688047
2317481720,Thước kẻ Ngựa Pony lấp lánh (mẫu 2) No : HC074-20,3000,10,8,0,https://banhang.shopee.vn/portal/product/2317481720,https://cf.shopee.vn/file/663af3f10b4ef457dd138cc5aaa4e357,https://shopee.vn/product/114297327/2317481720
2344686556,Bút nước đen nàng tiên cá,5000,50,0,0,https://banhang.shopee.vn/portal/product/2344686556,https://cf.shopee.vn/file/a3726264c9903a452c92430c72659366,https://shopee.vn/product/114297327/2344686556
2345443001,Bóp viết Unicorn - Siêu Cute,30000,6,11,0,https://banhang.shopee.vn/portal/product/2345443001,https://cf.shopee.vn/file/2a5f7df0a5f683bdab299e20c2674020,https://shopee.vn/product/114297327/2345443001
2306630395,Bút Gel nước kim cương CHOSCH - Hộp 8 cây,30000,7,32,1,https://banhang.shopee.vn/portal/product/2306630395,https://cf.shopee.vn/file/d12f13e125a992911153c4460fb5f48f,https://shopee.vn/product/114297327/2306630395
2344686544,Bút nước đen cừu thân tròn (mẫu 2),5000,50,0,0,https://banhang.shopee.vn/portal/product/2344686544,https://cf.shopee.vn/file/e42daac88817a94bf5933a1fd6ce4ec3,https://shopee.vn/product/114297327/2344686544
2310751713,Compa bộ Bé trai-bé gái- Mã AJ - 1083,22000,0,1,6,https://banhang.shopee.vn/portal/product/2310751713,https://cf.shopee.vn/file/ae5f0720de407bb852ba442cff92dd97,https://shopee.vn/product/114297327/2310751713
2069047812,Gôm vỉ 4 cục - Mã E616,3000,23,68,1,https://banhang.shopee.vn/portal/product/2069047812,https://cf.shopee.vn/file/cafe22dcc43beaab1b88d82785c52ddc,https://shopee.vn/product/114297327/2069047812
2051175955,Sổ mini - Mẫu 1,3000,47,13,0,https://banhang.shopee.vn/portal/product/2051175955,https://cf.shopee.vn/file/bed41ca9eae46059cb30f7ddeeec60de,https://shopee.vn/product/114297327/2051175955
2239762963,Bóp viết vải chống nước ( 4 màu),26000,30,29,0,https://banhang.shopee.vn/portal/product/2239762963,https://cf.shopee.vn/file/97a45ef5045d262d961ab53fe90167dc,https://shopee.vn/product/114297327/2239762963
2153093236,Bút nước - em bé Nhật,5000,0,10,0,https://banhang.shopee.vn/portal/product/2153093236,https://cf.shopee.vn/file/d6ec9c5ca2b9d827d46d0cc38c541221,https://shopee.vn/product/114297327/2153093236
2345414757,Bóp viết Hologram Sakura,25000,5,22,0,https://banhang.shopee.vn/portal/product/2345414757,https://cf.shopee.vn/file/71e1b0d168954d8525bb763609499f93,https://shopee.vn/product/114297327/2345414757
2239746294,Hộp bút xe hơi,32000,6,64,4,https://banhang.shopee.vn/portal/product/2239746294,https://cf.shopee.vn/file/4625b4fe4e2091e1868cef9107dc6bec,https://shopee.vn/product/114297327/2239746294
2299923566,Gôm hình trái cây 1 cục - Mã 1561,3000,32,39,4,https://banhang.shopee.vn/portal/product/2299923566,https://cf.shopee.vn/file/a10a4cb360c909edbe4dd122f1ea50cd,https://shopee.vn/product/114297327/2299923566
1988592674,Bút tàng hình,13000,20,55,12,https://banhang.shopee.vn/portal/product/1988592674,https://cf.shopee.vn/file/e281bd59b5f5bb4c05a351b6fa5ca4b3,https://shopee.vn/product/114297327/1988592674
2154760579,Bút nước xanh Chìa khóa - Mã 315,5000,28,13,0,https://banhang.shopee.vn/portal/product/2154760579,https://cf.shopee.vn/file/8ab8e669fd37b359d74f33b9d7b1785c,https://shopee.vn/product/114297327/2154760579
2202005241,Móc khóa BTS - Gấu - Thỏ,15000,18,18,0,https://banhang.shopee.vn/portal/product/2202005241,https://cf.shopee.vn/file/467537b6c67369e9cf135ad7b6000ef2,https://shopee.vn/product/114297327/2202005241
2344686518,Bút nước đen kem ốc quế ( mẫu 1),5000,14,2,0,https://banhang.shopee.vn/portal/product/2344686518,https://cf.shopee.vn/file/978b42ffc10fc917cb2fe427074b1a2c,https://shopee.vn/product/114297327/2344686518
2051080333,Đồ chơi bóng rổ,6000,52,91,4,https://banhang.shopee.vn/portal/product/2051080333,https://cf.shopee.vn/file/6286f06acda7861485f438da58327e68,https://shopee.vn/product/114297327/2051080333
2202090010,Hình xăm màu ( hàng hiếm),5000,8,27,0,https://banhang.shopee.vn/portal/product/2202090010,https://cf.shopee.vn/file/9b0ede07755621d12a40f5072f630ba2,https://shopee.vn/product/114297327/2202090010
1988677264,Gôm hoạt hình,3000,0,23,4,https://banhang.shopee.vn/portal/product/1988677264,https://cf.shopee.vn/file/f17e441fd26344d4568e123d87d5ed4b,https://shopee.vn/product/114297327/1988677264
2318214448,Combo hộp bút- chuốt - thước,675000,0,0,1,https://banhang.shopee.vn/portal/product/2318214448,https://cf.shopee.vn/file/488099201b4837bf6f3dfb2921a62387,https://shopee.vn/product/114297327/2318214448
1985148612,Gôm lắp ráp,9000,21,25,2,https://banhang.shopee.vn/portal/product/1985148612,https://cf.shopee.vn/file/b87f6afd7f55a310432e0ac7452a44f0,https://shopee.vn/product/114297327/1985148612
2202824353,Bút chì bấm ngòi dài,5000,0,8,40,https://banhang.shopee.vn/portal/product/2202824353,https://cf.shopee.vn/file/ef275c73a60cfa404420b62ec93e210e,https://shopee.vn/product/114297327/2202824353
2153093224,Bút nước - súng,5000,10,13,0,https://banhang.shopee.vn/portal/product/2153093224,https://cf.shopee.vn/file/4f9d1fd59e99f69648d2a9843bf6576d,https://shopee.vn/product/114297327/2153093224
2344686525,Bút nước đen con mực,5000,50,0,0,https://banhang.shopee.vn/portal/product/2344686525,https://cf.shopee.vn/file/eac4e04be66248048ac234753ce876f1,https://shopee.vn/product/114297327/2344686525
2195124567,Bút nước đen khủng long,5000,75,5,1,https://banhang.shopee.vn/portal/product/2195124567,https://cf.shopee.vn/file/2dcc0437f3fa26958432268481d6d06e,https://shopee.vn/product/114297327/2195124567
2344686559,Bút nước đen cá voi ( mẫu 2),5000,50,0,0,https://banhang.shopee.vn/portal/product/2344686559,https://cf.shopee.vn/file/8e278090773009117c047476c6cf0b55,https://shopee.vn/product/114297327/2344686559
2161872286,Thước kẻ công chúa 15cm - Mã 8098,5000,69,24,10,https://banhang.shopee.vn/portal/product/2161872286,https://cf.shopee.vn/file/4baf8e61ac794344cdb4eff2d7d0a851,https://shopee.vn/product/114297327/2161872286
2174942319,Hộp bút xe hơi,22000,0,0,5,https://banhang.shopee.vn/portal/product/2174942319,https://cf.shopee.vn/file/83af19da53eb003d75c4ab93278c4c4d,https://shopee.vn/product/114297327/2174942319
2195124538,Bút nước đen siêu nhân,5000,33,35,12,https://banhang.shopee.vn/portal/product/2195124538,https://cf.shopee.vn/file/9cc7afc0771e1ad95d219b13891664be,https://shopee.vn/product/114297327/2195124538
2317193849,Bóp viết Simili sọc - Mã - 7229,16000,57,38,5,https://banhang.shopee.vn/portal/product/2317193849,https://cf.shopee.vn/file/6b180e2a8b3dccb4ca4dbd3fc4d2a428,https://shopee.vn/product/114297327/2317193849
2306676530,Bút chì gỗ HB Classmate - Mã CL-PC201,3000,10,16,0,https://banhang.shopee.vn/portal/product/2306676530,https://cf.shopee.vn/file/6a5e5a371330b65778159cd2b3a292aa,https://shopee.vn/product/114297327/2306676530
2046952965,Giấy note Hàn Quốc - Mẫu Đứng,5000,6,40,2,https://banhang.shopee.vn/portal/product/2046952965,https://cf.shopee.vn/file/2a0b893b4cab31b344ad8c14b17060ec,https://shopee.vn/product/114297327/2046952965
2299942871,Chì khúc thay ngòi nắp tẩy - Mã LT 1304,4000,47,13,1,https://banhang.shopee.vn/portal/product/2299942871,https://cf.shopee.vn/file/be60a5461f4c4f5ed1609a9e05a77b2b,https://shopee.vn/product/114297327/2299942871
2161872291,Thước kẻ hình thỏ và gấu - Mã 8013,5000,43,29,7,https://banhang.shopee.vn/portal/product/2161872291,https://cf.shopee.vn/file/357abec0f85c56b66b4985af74f9f27b,https://shopee.vn/product/114297327/2161872291
1985071465,Bút chì thay ngòi,4000,100,9,0,https://banhang.shopee.vn/portal/product/1985071465,https://cf.shopee.vn/file/f529cc247073c06c3ab0fef8faa011a7,https://shopee.vn/product/114297327/1985071465 